"UniqueID","Probability1"
6533,2.28142957056503e-10
6534,0.109165897982434
6535,0.917241195384108
6536,0.181246353051034
6537,0.60255736175391
6538,0.2850501414
6539,0.960728403078233
6540,0.00326106107168795
6541,0.00893351260734045
6542,0.0245448133203061
6543,0.0539128134802263
6544,0.959832562430409
6545,0.00963731178759617
6546,0.00609382535112757
6547,0.000742780306126294
6548,0.838327940123191
6549,0.230131046676314
6550,0.244716524632267
6551,0.429752821953089
6552,0.00195148660889049
6553,0.22893099261064
6554,0.0103946820342536
6555,0.678969815379569
6556,0.0498467873206304
6557,4.00777060633123e-10
6558,0.757942187646215
6559,0.166125269865929
6560,0.554981265796568
6561,5.00449808802804e-09
6562,0.0415368835719927
6563,0.0356706862999445
6564,0.0340275019460683
6565,0.00502592010017414
6566,4.40115451834715e-10
6567,0.0378388717960125
6568,0.787698853097805
6569,0.762791950845476
6570,0.0805263206265997
6571,0.111516901182326
6572,0.536232019369079
6573,0.770519105226354
6574,0.8286282772811
6575,0.0842389135713354
6576,0.646830538378804
6577,0.00293111224694487
6578,0.0343672958958042
6579,2.34036187630468e-10
6580,0.0408283144247647
6581,0.630010074270286
6582,0.00870676620678969
6583,0.00416193931227255
6584,0.775152796030793
6585,2.78580611028228e-10
6586,0.18237513330415
6587,0.172138444181946
6588,0.0045968784228345
6589,2.22044604925031e-16
6590,1.07791879063076e-09
6591,0.898249421737146
6592,0.0310702003771504
6593,0.00273792042947073
6594,0.100641860136763
6595,0.171768444391659
6596,0.0202969027738367
6597,0.0254443391281941
6598,0.0594636704268562
6599,0.00443473695642758
6600,0.555741567475418
6601,0.030613310456929
6602,2.22044604925031e-16
6603,0.0014267273236666
6604,1.29316588261875e-10
6605,0.0184794205831712
6606,0.685432244736633
6607,5.19679377917215e-11
6608,0.936619144874774
6609,0.843426113757778
6610,2.22044604925031e-16
6611,0.0534766145787356
6612,0.113160569362938
6613,0.0361086559398934
6614,0.025116886536931
6615,2.22044604925031e-16
6616,0.201390895824816
6617,0.0288798302656983
6618,3.03286820717404e-11
6619,0.16128787889597
6620,2.25426660302259e-12
6621,2.5466777277352e-10
6622,0.110303678887041
6623,0.0300226089115713
6624,1.10611629880042e-09
6625,0.0010485128961991
6626,5.97810427881704e-11
6627,0.0295968118239969
6628,3.49573129030667e-11
6629,0.000408577000795927
6630,2.14447916911925e-10
6631,0.000847853162867376
6632,0.0643534815984118
6633,0.899806768492784
6634,0.0023758060692315
6635,0.500798211471762
6636,0.348292677489688
6637,0.175026674553815
6638,0.346410384225181
6639,0.0705235807477862
6640,0.246122721592995
6641,0.45509070518799
6642,0.301998931726043
6643,0.434301152904479
6644,0.413590700289909
6645,0.000166487951054902
6646,0.441433532313158
6647,0.00256469106077604
6648,0.0231272661500191
6649,0.313341412356211
6650,0.815920841433983
6651,0.00301026072432907
6652,0.000464259572189173
6653,0.00236486535070994
6654,2.0561868955034e-09
6655,0.0305340038360137
6656,0.0070617083904375
6657,0.000299546884852864
6658,0.000545492596675038
6659,0.00751519593412639
6660,0.0914864999251298
6661,0.00312276679531881
6662,0.014041422121619
6663,2.12845303691472e-10
6664,0.408905095728138
6665,0.349432600470658
6666,0.0122375402532868
6667,0.318855396836087
6668,6.4607699265473e-11
6669,2.35968209074584e-10
6670,0.979884587433747
6671,0.903032667854438
6672,0.00849717371935733
6673,0.0441045505436877
6674,4.09471046382472e-10
6675,0.00725514944637679
6676,0.0187925929014309
6677,2.92494786831996e-07
6678,0.00404322503341279
6679,0.00795458040818921
6680,0.659969681341054
6681,0.0121834121272526
6682,0.0227004641734935
6683,0.0889024075819961
6684,0.0966511856428178
6685,0.0196676512760668
6686,0.0173233238059216
6687,3.29537373738071e-10
6688,0.708625779993891
6689,7.01974464430552e-05
6690,0.0356027659601662
6691,0.0713873783340121
6692,1.0487582629077e-09
6693,2.22044604925031e-16
6694,0.651958240324352
6695,7.54877093589293e-10
6696,2.22044604925031e-16
6697,0.263333426038222
6698,0.00618215601657904
6699,0.126854814301314
6700,2.22044604925031e-16
6701,0.92730809438632
6702,0.0109176249861194
6703,0.00328692904327422
6704,0.200887080263737
6705,0.0661813505470629
6706,5.38319894507783e-12
6707,0.26668530665209
6708,0.045031575688719
6709,7.37485286899804e-09
6710,0.0361751804771648
6711,0.0285444184026097
6712,0.0549468429440176
6713,5.16146526571803e-10
6714,0.00744762889399358
6715,0.0163408094102596
6716,1.05777091539928e-11
6717,7.49309987925184e-11
6718,2.22044604925031e-16
6719,0.00307623645598686
6720,0.680083599783117
6721,1.93761232469385e-10
6722,0.000644461846873818
6723,0.944922051853286
6724,0.00786643895405712
6725,0.480708762746624
6726,0.212765039753806
6727,0.00133092595486763
6728,0.930681918706593
6729,0.011965449672393
6730,0.00025480197797668
6731,0.933631090613414
6732,0.0176890459772869
6733,0.00509010314800134
6734,0.00141353085889399
6735,0.0277621878594157
6736,0.115107554955666
6737,0.232732935957934
6738,0.256572573485154
6739,2.22044604925031e-16
6740,0.00606354806190707
6741,0.0230725315768208
6742,0.0200168643682597
6743,0.0842611573753389
6744,1.82201100782366e-09
6745,0.188820196378711
6746,0.00485392286441217
6747,0.0357603186529732
6748,0.131938971465087
6749,0.174642336701817
6750,0.595662364796291
6751,0.00695329370371434
6752,0.605765489816492
6753,0.999514623175041
6754,0.00836421481906104
6755,0.0642589704162701
6756,0.0235923027077795
6757,1.31838701140896e-08
6758,0.212474072198251
6759,0.00360297036353955
6760,0.00328290029924377
6761,0.117324264688228
6762,2.22044604925031e-16
6763,0.00163222432447036
6764,0.751776282840426
6765,0.00809670551773237
6766,0.00221622961806958
6767,0.0276339856661459
6768,0.111649310020197
6769,3.32744856000897e-10
6770,0.437602237709263
6771,0.00610387826315806
6772,0.0174828300632811
6773,0.00156976480610503
6774,0.0237001330303652
6775,0.664139984935362
6776,0.00836584538767836
6777,2.22044604925031e-16
6778,0.000323559381332926
6779,0.00209952737392535
6780,0.813306870759195
6781,0.828234172500073
6782,0.0619435966563948
6783,0.0368608432884673
6784,0.00368416369260209
6785,0.983729735616495
6786,8.30122983370562e-11
6787,0.677085584285581
6788,0.0214318201263611
6789,0.0758644557974836
6790,0.00235484424843572
6791,2.22044604925031e-16
6792,2.22044604925031e-16
6793,1.56126469160624e-09
6794,2.22044604925031e-16
6795,0.0317573046531152
6796,4.27508370171695e-09
6797,0.0420931892339438
6798,0.0188125647842754
6799,2.5691202557841e-10
6800,0.00111897997140587
6801,7.27428768022732e-10
6802,8.08384493734369e-11
6803,2.01575119980231e-11
6804,2.96363024644148e-11
6805,0.00191937255858351
6806,2.21910484740722e-10
6807,0.932271742155853
6808,0.891415169402097
6809,0.0358311967954575
6810,0.988493154127351
6811,0.0745480254239722
6812,0.0475114841937486
6813,0.00479224055731973
6814,0.137431062249136
6815,0.0464159629259133
6816,0.234099312841787
6817,0.0952399084052382
6818,0.127434236823076
6819,0.411834871642681
6820,0.174215141365947
6821,0.00957025079348955
6822,0.0549957914133493
6823,0.147849315190883
6824,0.966614604123081
6825,0.755072740473504
6826,0.142825937736016
6827,0.0227500447710311
6828,0.00359049381483118
6829,0.00228548325860294
6830,0.0556888358036095
6831,7.59810206464879e-09
6832,0.0618542350654044
6833,0.0159381319757833
6834,0.101810860869305
6835,0.903021278223913
6836,0.0168597036488208
6837,0.0662747337825259
6838,0.00745235163927293
6839,0.107485244283038
6840,0.354232812859226
6841,0.034683552367373
6842,0.00275063160121731
6843,0.0151584717303021
6844,0.901320653272624
6845,0.700970472011684
6846,0.031758831494829
6847,0.37064210711598
6848,0.0264370958366679
6849,1.12925683758082e-10
6850,0.000957085380346061
6851,0.0345246259082174
6852,0.777428330067607
6853,0.00127087147255092
6854,6.5713970502392e-10
6855,0.0697405982938543
6856,8.14166965082412e-05
6857,0.0391097659926111
6858,0.0363321326694301
6859,0.755550439818399
6860,0.88488862760362
6861,0.000835005051996032
6862,0.0188589708377255
6863,8.24442439194132e-10
6864,0.136961756214844
6865,0.0581950523143193
6866,0.665475343407566
6867,0.00231303204931639
6868,0.0121447657608228
6869,0.9503594426553
6870,6.42469762263332e-10
6871,5.44131352189019e-10
6872,0.00495035566950702
6873,7.86947374396294e-10
6874,0.0343392705299583
6875,0.00244757690517102
6876,0.010031151693665
6877,2.7402229257856e-13
6878,0.257622622021705
6879,0.268569003380025
6880,2.22044604925031e-16
6881,1.55408065375959e-10
6882,0.0215116879544583
6883,2.22044604925031e-16
6884,2.22044604925031e-16
6885,0.92642034291735
6886,0.0306128568548204
6887,2.22044604925031e-16
6888,0.0674511169860388
6889,0.0853530756031969
6890,2.22044604925031e-16
6891,0.00848584554829962
6892,3.30219308443563e-09
6893,0.0474849642715917
6894,2.22044604925031e-16
6895,0.00992084311600218
6896,0.0131211554600152
6897,0.0432420013092462
6898,1.34793939211514e-10
6899,7.95563876127919e-12
6900,2.19916340709333e-11
6901,2.03514682119035e-10
6902,0.0029904973996924
6903,0.0258472692495326
6904,0.789518873042973
6905,0.0152069850670704
6906,0.000343995821627929
6907,0.0201779946266988
6908,0.0343294138633391
6909,0.0508643196885799
6910,0.00228405806683078
6911,0.00340093598240029
6912,0.00254313904056543
6913,0.00420182655755565
6914,0.00377880939214468
6915,6.18674386063185e-09
6916,0.0251404336423758
6917,0.000948035641253851
6918,0.133706187726974
6919,0.0012990823517154
6920,0.000448311712289987
6921,0.902388342448596
6922,0.00139841925955573
6923,0.00614660896103198
6924,0.0129082519437574
6925,2.74148614685511e-05
6926,0.00702250399792461
6927,0.619557784127986
6928,0.000377539320346729
6929,0.0442512428083509
6930,1.05765706506902e-10
6931,0.00512407231570868
6932,0.000730836823305387
6933,0.0052968734486617
6934,0.70528585561171
6935,0.521806810638747
6936,0.0521810274203739
6937,0.0719726570666191
6938,0.0622721775185158
6939,0.0115809768398389
6940,0.886117749292629
6941,7.54494486617091e-10
6942,0.00684494077627395
6943,0.88111391576148
6944,0.0183404462389914
6945,0.00500915879079323
6946,0.063123624327525
6947,0.404790968045489
6948,2.22044604925031e-16
6949,0.000300063404113064
6950,0.510254679797854
6951,0.00263771766678014
6952,0.0528203153205702
6953,0.953068742917762
6954,4.35746757005456e-11
6955,3.51480611002097e-10
6956,0.97916771495676
6957,0.086524335178258
6958,2.22044604925031e-16
6959,0.00255949734893949
6960,0.294604336954473
6961,1.51301624246208e-10
6962,0.0576595386715968
6963,0.353422364316829
6964,0.0399565171493912
6965,0.00670073961152141
6966,0.434408588145164
6967,0.64446896910567
6968,0.0727619487035258
6969,1.43037702316402e-10
6970,0.0030619831327132
6971,2.22044604925031e-16
6972,0.487088981654712
6973,1.68645313470477e-10
6974,0.0412170594426301
6975,0.0162434087379284
6976,1.31188308259854e-07
6977,0.034459499366907
6978,2.22044604925031e-16
6979,0.0952464350606144
6980,2.22044604925031e-16
6981,0.000823196145349711
6982,0.0329141995991341
6983,3.33569400102686e-10
6984,0.0405249478564618
6985,5.03428577952739e-10
6986,0.0281342117999069
6987,0.0363718447639617
6988,0.0040734308198332
6989,0.00163946370053005
6990,0.964676162476432
6991,0.0100915376128279
6992,3.62914541772533e-11
6993,0.00563472717725794
6994,6.44888791994387e-11
6995,0.00233774210277744
6996,0.043148568285774
6997,3.04653012200276e-11
6998,0.000781442705668001
6999,1.61580334626209e-10
7000,0.00806073403667292
7001,0.00539691035418449
7002,2.22044604925031e-16
7003,0.917805330157045
7004,0.704529570743807
7005,0.873846306689634
7006,0.00722379072075521
7007,2.22044604925031e-16
7008,0.00773661148894659
7009,0.712075892884211
7010,2.22044604925031e-16
7011,0.00475912016212326
7012,0.724904865881672
7013,0.4831131595231
7014,0.213335521224416
7015,0.189049349315736
7016,0.337308395959683
7017,2.64591232919667e-08
7018,0.0675047906258359
7019,0.248392044369932
7020,0.0193658107176096
7021,0.892915894082196
7022,0.97942579482062
7023,0.997154854101332
7024,0.95005748918851
7025,0.0891422833766594
7026,0.99571301132584
7027,8.26232636394196e-10
7028,1.43243626360973e-13
7029,2.22044604925031e-16
7030,0.962019696190057
7031,1.50495162934041e-13
7032,0.048812105480481
7033,0.0174418776744191
7034,0.319385226008458
7035,0.0485391437205591
7036,0.419597089464803
7037,0.814809223736401
7038,0.00770532987448602
7039,0.108859826701379
7040,0.00630114927343041
7041,0.00548846434189012
7042,0.0161301339149125
7043,0.0151236493700335
7044,0.911257216812939
7045,0.639552878935799
7046,0.00853293065686507
7047,0.745030936137689
7048,4.66674274279371e-07
7049,0.0672417035660587
7050,0.00292342628610246
7051,0.00551895356546216
7052,2.22044604925031e-16
7053,4.56627692153726e-08
7054,5.16154884480704e-08
7055,0.000344813591649843
7056,0.0867770075430452
7057,0.0192773155770215
7058,0.544597795797765
7059,0.0280261939938261
7060,0.0528806171217982
7061,0.804858351140329
7062,0.00228125626488787
7063,0.00120766696298713
7064,0.0213672673055613
7065,0.0917952429472802
7066,0.0903410677637579
7067,0.0721807421595642
7068,2.22044604925031e-16
7069,0.104260807714164
7070,3.03973804230415e-10
7071,0.075576890154921
7072,2.67108374045299e-07
7073,6.28807682516914e-08
7074,0.0339538622382975
7075,0.06707687440241
7076,8.96032601401692e-11
7077,0.00158792660558339
7078,0.602492570669841
7079,0.421700789216351
7080,0.0695319310245168
7081,0.23490643598124
7082,0.431775013715418
7083,1.11155127155391e-13
7084,0.927456842315703
7085,2.22044604925031e-16
7086,3.35358450087681e-10
7087,0.886876136007706
7088,0.0375196329275631
7089,0.652924587934369
7090,0.0067974681210513
7091,6.24954094469092e-10
7092,0.00502130579238707
7093,0.00757593592599267
7094,0.00295241506796634
7095,0.865463719596528
7096,0.268077827722291
7097,0.518045391988593
7098,3.01724083743114e-10
7099,2.22044604925031e-16
7100,0.00618240566029611
7101,2.22044604925031e-16
7102,0.000953766737466684
7103,0.19591033485916
7104,0.0514819563391994
7105,1.16347996486305e-09
7106,0.285374061073243
7107,2.95021967539184e-12
7108,0.0752963576766405
7109,0.0957849703062567
7110,0.0894702032513266
7111,4.4731674462624e-10
7112,0.00553925604892439
7113,0.0113527480535683
7114,9.03986378848607e-11
7115,2.61031844408699e-11
7116,0.133302938587957
7117,0.00412161158793958
7118,0.00369774178032146
7119,2.32230224050332e-10
7120,0.864734803492859
7121,0.0488885423755372
7122,0.292684527470056
7123,0.024955919328289
7124,2.53147791304979e-09
7125,0.00450818113307808
7126,0.0493416142577228
7127,0.00126597567557549
7128,0.00220430445877685
7129,0.023584571563237
7130,0.00680397909739523
7131,0.325343527252994
7132,0.49299506151828
7133,0.00294433450931772
7134,0.00275079161396079
7135,0.191068871153937
7136,0.211648565948366
7137,0.10699937167526
7138,0.91745152801758
7139,4.1615029392385e-10
7140,0.015354776818736
7141,0.832538797061015
7142,0.0487522720853543
7143,0.0469608820515668
7144,0.0134455485502616
7145,0.892286010647506
7146,0.038805022082853
7147,2.22044604925031e-16
7148,0.882198966888679
7149,0.037180708811165
7150,0.845069471091022
7151,0.833096734466345
7152,0.0576969527528634
7153,0.0730709539640753
7154,0.00875487852417241
7155,1.26680160807012e-10
7156,0.00775679834430156
7157,0.00545079369477028
7158,0.091786566654351
7159,2.22044604925031e-16
7160,3.89535847489743e-10
7161,0.0140373137945959
7162,1.12364942243917e-09
7163,0.0153584747799091
7164,0.041179299302917
7165,0.00125383007522608
7166,0.0677677977567343
7167,1.08886179277638e-10
7168,0.0221498402768187
7169,0.00644766338895364
7170,0.0303257028493782
7171,0.0837313777623037
7172,0.00367664704119864
7173,0.00813809214134581
7174,0.032304186969972
7175,0.290612817526052
7176,0.797406215981663
7177,0.0695533529221298
7178,0.698296524411251
7179,1.60402516430611e-09
7180,0.499812593535826
7181,0.79947157665286
7182,0.0446847387117421
7183,2.22044604925031e-16
7184,2.22044604925031e-16
7185,0.736287157582268
7186,0.0984750919162796
7187,0.0645957609897335
7188,0.0654897937159208
7189,1.56119191682037e-11
7190,0.000987512247170088
7191,0.00488002915774165
7192,0.00808682556772414
7193,2.22044604925031e-16
7194,0.0149960759793113
7195,2.03992100637023e-09
7196,0.00573153625923559
7197,1.23866833910883e-10
7198,0.0993947673939199
7199,4.81470771624625e-11
7200,2.22044604925031e-16
7201,0.0572116334873609
7202,0.00589295888681388
7203,0.000582326863472718
7204,1.80163967294806e-10
7205,0.0124678399821584
7206,0.016305105922978
7207,0.00570400650906171
7208,0.753940427966127
7209,0.00822571359190857
7210,0.0160042061066211
7211,0.00697199825035344
7212,0.115247705269052
7213,0.00129255076082291
7214,0.13520102020125
7215,1.43765523903684e-11
7216,0.0600918233123773
7217,0.00480811636853456
7218,0.966782828788158
7219,0.0034126562703649
7220,0.0179476911971009
7221,0.000409264109750499
7222,0.0963729603574098
7223,0.0178868482632826
7224,0.00180143842990564
7225,0.559992814308252
7226,0.0247043055272694
7227,0.0393915087895705
7228,0.0317175791828687
7229,0.751726577189919
7230,0.406847429714014
7231,3.49238994791952e-10
7232,0.527204633435036
7233,2.48215361243546e-09
7234,0.31813708457651
7235,0.0229188235805292
7236,0.0443759457348336
7237,0.013194218943693
7238,0.904941858341784
7239,3.24071783202633e-10
7240,4.07583445493792e-10
7241,5.07346732647369e-10
7242,0.703143489574075
7243,1.99641405152407e-09
7244,0.00654422944403471
7245,0.0377804994598887
7246,0.00019768996085741
7247,0.00345301707995034
7248,0.831015534232117
7249,0.00155436185886909
7250,0.145020737072255
7251,3.49026889355686e-10
7252,0.0294092026890757
7253,2.22044604925031e-16
7254,0.00829413588874124
7255,0.599585797065961
7256,0.200615778976999
7257,0.00352408971654092
7258,0.991242533642959
7259,0.399194342418936
7260,0.00429087437266106
7261,1.94093057633214e-10
7262,0.0147316923759399
7263,0.0245796868684386
7264,0.0595213848865791
7265,0.135357670682973
7266,0.134681582204975
7267,0.00523679458554651
7268,0.473851552411132
7269,0.00233457683342511
7270,0.265184927197397
7271,0.401727447525674
7272,0.000992582358967917
7273,2.33547734999667e-10
7274,0.0483293228045347
7275,0.0427891029515037
7276,5.97750724930519e-09
7277,0.054074250669693
7278,0.0172392255773338
7279,2.22044604925031e-16
7280,0.0161954512910477
7281,0.00823345337282485
7282,0.38960855022662
7283,2.22044604925031e-16
7284,0.000218571228789174
7285,0.0157148104862314
7286,0.0202881369048207
7287,2.22044604925031e-16
7288,0.800420909269734
7289,2.22044604925031e-16
7290,0.381251414599318
7291,0.162794937067061
7292,2.69096249498199e-05
7293,0.00651816069297585
7294,0.0257248708052361
7295,0.0204574620993277
7296,0.0326702682945514
7297,0.0472715003094658
7298,0.0224617770463515
7299,0.0103861593482827
7300,0.0134449457728436
7301,1.19918457217638e-10
7302,0.00393189653544347
7303,1.59122958441441e-10
7304,0.205223594933896
7305,5.4605611451374e-11
7306,2.0771461512142e-10
7307,0.95650566901485
7308,0.732583358840645
7309,0.0520939447316135
7310,0.0526308902315189
7311,0.114899757281939
7312,0.152613448534074
7313,0.162384478600937
7314,0.992176396013081
7315,0.0506032825889276
7316,0.911500301031728
7317,0.136388259677741
7318,0.0603984915041681
7319,0.00542958372540425
7320,0.00672060831468767
7321,0.999999907053506
7322,0.999999389659761
7323,0.0580394712300304
7324,0.00229045217891654
7325,0.000237636148701796
7326,0.999999961603054
7327,0.016846017058784
7328,2.30080098210455e-09
7329,0.999931134609543
7330,0.00246285941551626
7331,0.0100144028529636
7332,0.0578379333855851
7333,0.2869321722546
7334,0.0169791453501833
7335,0.999999880977161
7336,0.00112252192575958
7337,0.574568414883725
7338,0.0322385476862121
7339,0.016244695366821
7340,0.00403224444014261
7341,0.042368527071515
7342,0.107714312820991
7343,0.0159161029985128
7344,0.551059670098068
7345,0.0196322997430794
7346,0.296145368891467
7347,2.22044604925031e-16
7348,0.00187935383948153
7349,0.507846148564348
7350,2.48382731635739e-10
7351,0.0340445384529548
7352,0.0488354887515371
7353,1.50582033900307e-09
7354,1.40870324594908e-10
7355,0.747358112117085
7356,0.0206275046555644
7357,0.512207770693177
7358,2.22044604925031e-16
7359,0.11103370074714
7360,0.00560896833141611
7361,2.22044604925031e-16
7362,0.0438746385671057
7363,0.036841303073947
7364,0.0211383896310231
7365,0.0225183207907506
7366,0.0679938000716264
7367,0.414992968691838
7368,0.0492125244813493
7369,0.00769357826447315
7370,0.111796514192349
7371,0.00503145619353997
7372,0.000424751909227203
7373,2.22044604925031e-16
7374,2.22044604925031e-16
7375,0.827232110230365
7376,0.144198845381932
7377,0.140505168003392
7378,0.0607419764731616
7379,0.105807285673684
7380,7.16722248298296e-11
7381,2.22044604925031e-16
7382,0.328352352761627
7383,2.22044604925031e-16
7384,2.22044604925031e-16
7385,2.22044604925031e-16
7386,1.70947190285917e-09
7387,0.0958046241290022
7388,1.64902757612056e-10
7389,0.0335404756917832
7390,2.22044604925031e-16
7391,2.22044604925031e-16
7392,0.0125097392436001
7393,0.562671403059918
7394,0.00555549073273787
7395,0.000618934334735155
7396,0.150591914243585
7397,0.0541700135179778
7398,0.0156496075697517
7399,5.69017715436759e-10
7400,0.0364500070003231
7401,0.0366198545549764
7402,0.0411141696701735
7403,8.06318764110531e-11
7404,1.02137469184754e-09
7405,0.0547791955860196
7406,1.58010625851304e-11
7407,1.09305581241612e-10
7408,0.00094992121104366
7409,1.94622986483524e-10
7410,0.0392962909496316
7411,0.785073479413526
7412,0.107049964539527
7413,0.220315042674555
7414,0.0339693922265315
7415,0.571158078466512
7416,0.561453849861016
7417,0.000410035633668864
7418,0.0134872781264082
7419,0.0220320241335094
7420,0.001136857517084
7421,0.00244012735020581
7422,0.0118546118754858
7423,0.0605599880589519
7424,0.000703039226555996
7425,0.0889763016854757
7426,0.0335749257582472
7427,0.040325767429949
7428,0.0270975320761644
7429,0.0397099772221756
7430,0.893952745855296
7431,1.0777799053504e-10
7432,0.0765739989190206
7433,0.133307169543778
7434,0.00207800264379181
7435,0.0594813497983
7436,0.999999915356259
7437,0.796924021683202
7438,0.243995995697394
7439,2.74894690387915e-08
7440,0.113643196779963
7441,0.0242939217055886
7442,0.0244450905663222
7443,2.22044604925031e-16
7444,0.999999890644785
7445,0.0950388724226029
7446,0.402457813872828
7447,0.118459540995269
7448,0.000906780661316537
7449,0.0265194131636725
7450,0.00274736943285932
7451,0.0199991782635039
7452,1.15107186526529e-07
7453,4.83201310348992e-11
7454,0.00704583999410594
7455,0.0209214496740957
7456,0.999999904696101
7457,0.999997457498157
7458,0.121188354773477
7459,0.244653452014235
7460,0.0385983021726011
7461,0.00259181473407087
7462,0.0377742458596286
7463,0.999999946908198
7464,0.0337201353946223
7465,0.0401423417756703
7466,0.99999993201915
7467,0.00402016307143219
7468,0.0861383856959816
7469,3.52048381353722e-10
7470,0.715372317356476
7471,0.748853870620073
7472,0.0179446265476542
7473,0.0339637880376335
7474,0.786792311196017
7475,5.04626893876125e-08
7476,0.728029696721761
7477,2.22044604925031e-16
7478,0.00633398646023503
7479,2.22044604925031e-16
7480,0.0617290400250193
7481,0.0217884295565603
7482,0.0006011052080938
7483,0.0447840894306871
7484,7.42305146353624e-11
7485,0.0154232362928023
7486,9.03589289019176e-08
7487,0.00980219835447605
7488,0.999779848847157
7489,8.17231284515193e-10
7490,0.00568863711503092
7491,7.84151299933401e-12
7492,4.4836788851812e-11
7493,1.63218527880191e-10
7494,0.011333605599421
7495,0.959498379075709
7496,0.857610140512851
7497,0.0236763885552711
7498,0.362425763598838
7499,0.576194128685921
7500,2.33931342139412e-07
7501,3.34570959358532e-09
7502,0.780793501114301
7503,0.743401346822911
7504,2.22044604925031e-16
7505,0.00160513413552315
7506,0.0510525599165864
7507,0.2521332166135
7508,0.0948498726847009
7509,0.735878291332783
7510,0.146147068768506
7511,0.849829448910969
7512,2.22044604925031e-16
7513,0.995521173660355
7514,0.0221821229270723
7515,4.52030672868163e-07
7516,0.0154903355887302
7517,2.30343202252562e-07
7518,2.22044604925031e-16
7519,0.877083317932283
7520,0.792428209462156
7521,0.396357980670276
7522,0.0088120919495228
7523,0.527763227667491
7524,0.205124764490903
7525,0.0234441636131382
7526,0.00713701863194126
7527,0.809851158671186
7528,0.151063075589996
7529,0.0410639139697164
7530,0.0487381347716612
7531,0.455892429058665
7532,0.847450030855305
7533,0.95610196022343
7534,0.962791837143019
7535,0.712700389010354
7536,0.989552819809189
7537,0.000337868009022147
7538,0.818012873159188
7539,0.195589755679175
7540,0.196460658395184
7541,0.926994008198411
7542,0.662141296201854
7543,0.0761438504838822
7544,0.845782710217077
7545,0.00493447798547301
7546,0.00317244578375118
7547,0.00879686211704284
7548,0.00026081209872382
7549,5.03430661951734e-09
7550,0.00109169336340618
7551,7.41490769272358e-10
7552,0.0148243078945624
7553,0.00252101150268698
7554,0.0705912380811679
7555,0.7731526174835
7556,0.00231619181997616
7557,0.185640071370639
7558,0.87449302566544
7559,0.0304932941264967
7560,0.00454745238142045
7561,0.0363615280794927
7562,0.0697486603113961
7563,2.01924087122989e-10
7564,0.0659069087914995
7565,0.0282527017079445
7566,0.189845594638967
7567,0.0760048596079718
7568,0.000973206104396091
7569,0.56890060814064
7570,0.0132706688452597
7571,0.156544190837822
7572,0.259361986934814
7573,0.937664527074231
7574,0.105964661392155
7575,1.91411275254541e-12
7576,2.22044604925031e-16
7577,0.0018223900750077
7578,0.593261694917775
7579,0.0481468147169318
7580,2.22044604925031e-16
7581,1.46514840339144e-09
7582,0.0380717434850724
7583,0.0435448285051688
7584,0.943618889112267
7585,0.909346094948251
7586,0.22184837470808
7587,6.12882301226221e-10
7588,0.120172293561024
7589,2.22044604925031e-16
7590,0.0524478745741347
7591,1.69587253818724e-10
7592,2.22044604925031e-16
7593,2.22044604925031e-16
7594,0.0105077187856378
7595,0.000670707363380518
7596,0.274144765952869
7597,0.0171890560071455
7598,0.166030066159836
7599,3.70302017762144e-12
7600,0.0132751234903386
7601,0.0191736448208875
7602,0.050363885877473
7603,0.105898092238295
7604,0.0203075660639214
7605,3.68201641214624e-10
7606,0.00982533638970982
7607,2.48893508923746e-11
7608,0.0427651475169588
7609,0.00837748419385237
7610,6.98144471531106e-11
7611,0.142347410514541
7612,0.0923749358956081
7613,2.35861450040459e-10
7614,0.628019405792678
7615,0.152771885615076
7616,0.0564315968696903
7617,0.12851833102634
7618,2.52171066827317e-10
7619,0.979172202745431
7620,0.00166964259993997
7621,0.672120135041361
7622,0.00147685091989021
7623,0.0436857042052886
7624,0.0735587417168599
7625,0.15372475166409
7626,0.00291618408488155
7627,5.02866702319685e-08
7628,0.0598818573690184
7629,0.00416109705477183
7630,8.45275834111132e-11
7631,0.166514975049862
7632,0.00026039883125858
7633,0.00443701224151044
7634,0.607153473700893
7635,0.811734722989994
7636,0.804847405497824
7637,0.0287029449515171
7638,0.00436254494478995
7639,0.726228447427044
7640,1.54695850662828e-10
7641,2.22044604925031e-16
7642,0.0395563815776778
7643,2.1369527356507e-13
7644,0.023795385240295
7645,0.0369784291799056
7646,0.852195561645802
7647,0.00335453261449739
7648,0.0616217435853876
7649,0.833910368139127
7650,0.200157632844738
7651,3.61921174362272e-10
7652,0.0186139593714343
7653,0.000803318049258632
7654,0.0839486679237231
7655,0.0920478619663758
7656,0.0392592257084837
7657,0.0398516444859468
7658,0.0221199580395002
7659,2.22044604925031e-16
7660,0.026991951350911
7661,0.0421967063794062
7662,0.0930495691537292
7663,0.0591694132529832
7664,0.0209929209691881
7665,2.22044604925031e-16
7666,0.0276486002660157
7667,7.55523811673558e-11
7668,0.145794027328997
7669,0.00254905622920493
7670,2.98145880398455e-11
7671,0.0389688487208263
7672,0.155538895306456
7673,0.703438604738026
7674,0.147983911431533
7675,4.12768630427724e-11
7676,0.661351524533534
7677,0.059777398780378
7678,2.22044604925031e-16
7679,0.014274299752923
7680,0.00858780546117605
7681,2.22044604925031e-16
7682,1.20060744156472e-08
7683,0.0012231411485235
7684,0.75013900903697
7685,0.000109396626154152
7686,0.00362385781181187
7687,0.00653101825312167
7688,0.0524833482211117
7689,0.0433198128353599
7690,3.07708071556936e-09
7691,0.0105171047083305
7692,0.0248755731297001
7693,1.97944778212289e-10
7694,0.0588862824547016
7695,0.00307952169479751
7696,1.70471140167045e-11
7697,2.10587404687609e-10
7698,0.05205386098441
7699,0.0949732391174325
7700,0.0216241989991228
7701,0.108881505254485
7702,0.0867745344057512
7703,1.95262319032342e-10
7704,0.00878833372295073
7705,0.788839902793223
7706,0.103226237170801
7707,0.925729705198903
7708,0.115544482589264
7709,0.120588509468149
7710,0.0586646023127836
7711,0.251215061927929
7712,0.00193409965353748
7713,2.00817885793354e-10
7714,0.466240011409129
7715,0.0265313882452215
7716,0.00495713174511854
7717,0.996536403422312
7718,0.00166807442439644
7719,0.0740607969977483
7720,0.12504401671774
7721,0.0959726062010313
7722,0.0103565591654559
7723,0.00716828914644509
7724,0.0309203169069135
7725,0.805766458493908
7726,0.0132549958512388
7727,4.06734764165521e-10
7728,0.182255039224021
7729,0.00277891168451341
7730,0.0192434722163138
7731,0.25995238235643
7732,0.107450666099053
7733,0.0498090534391136
7734,0.748939553540929
7735,0.0509352157557809
7736,0.0563885662671138
7737,0.0150607499498404
7738,0.257758610536233
7739,0.231963170627961
7740,0.0567503822293925
7741,0.0024143812845748
7742,0.967740357846874
7743,0.766283049287388
7744,0.0731179247940215
7745,0.00445950846503095
7746,0.867045792669729
7747,0.0526611913491335
7748,0.330524315897864
7749,0.0453176084635039
7750,0.261665308744898
7751,0.001747414322369
7752,0.0122676626919124
7753,0.188481734508792
7754,0.0204948317609812
7755,0.00917194656602448
7756,0.055119735254776
7757,0.0295428115292773
7758,0.012063152106995
7759,0.701410681769823
7760,0.0188554041390781
7761,0.165283978944789
7762,0.0198123716811818
7763,0.00464086753568185
7764,0.000454769287506848
7765,0.084540174265488
7766,0.0881001214792811
7767,0.0677996463809211
7768,0.477914948579531
7769,0.0311216946280258
7770,0.110743962640629
7771,0.170889383223829
7772,1.01548865075633e-09
7773,0.00573934016416868
7774,0.120634154427135
7775,9.28455098612703e-11
7776,0.0351489888630682
7777,0.812812815133087
7778,0.0792592438169331
7779,0.0293693547702362
7780,0.0478829374414233
7781,0.119147120005882
7782,0.0708708671162892
7783,0.0468025310998333
7784,0.0740521868655224
7785,2.22044604925031e-16
7786,0.0483513836062391
7787,2.99277549226056e-11
7788,0.0559247890515466
7789,0.729869729646609
7790,0.0632276515952888
7791,0.892927271940725
7792,2.22044604925031e-16
7793,0.00249308888144007
7794,1.38262844454077e-09
7795,3.49872950958589e-10
7796,0.307166879232576
7797,0.000244468978707402
7798,0.841675286273306
7799,5.28657397918588e-09
7800,0.0237992878280834
7801,0.012212857527838
7802,0.0417788251417485
7803,0.323188586323125
7804,0.0286214259459514
7805,2.22044604925031e-16
7806,1.87377906300843e-09
7807,0.0250324963314886
7808,2.22044604925031e-16
7809,8.80799956728302e-10
7810,6.56781109769337e-13
7811,0.648993465098646
7812,0.0395515974679977
7813,0.0357877333013787
7814,4.44951773242293e-06
7815,0.244717571852046
7816,0.00736889887331638
7817,0.0179416318050393
7818,0.0381314507076668
7819,0.013163187128146
7820,0.00988683037708861
7821,2.81544679618229e-12
7822,5.69820428767132e-11
7823,7.46625298489242e-11
7824,0.0274915279202537
7825,1.27871175482304e-09
7826,2.22529820598915e-10
7827,0.882191905575926
7828,0.000227002576074411
7829,0.884522249986507
7830,0.018821259229435
7831,0.018488907930551
7832,0.09991413969083
7833,0.0958976339639659
7834,0.0903255184633464
7835,0.844954169534778
7836,0.00224382265084196
7837,0.0206589346399281
7838,0.00390374762763452
7839,0.0045976343164191
7840,0.00307554412759823
7841,0.111391194188717
7842,0.0525713447028403
7843,0.359848863937756
7844,0.0471197704648384
7845,0.0543194642904488
7846,0.0271600703969217
7847,0.120185885977263
7848,0.00436556134969913
7849,0.00980864187983446
7850,0.130733236641817
7851,0.00538268681227246
7852,2.15607542281882e-11
7853,0.675928639171641
7854,0.0414948561453549
7855,0.799617281934742
7856,0.876957309550235
7857,0.0481118934974109
7858,0.0485824926749222
7859,0.0523167565466583
7860,0.00352623346007373
7861,1.2754837241779e-13
7862,0.00831542570912101
7863,0.0121821934758598
7864,0.707821143815848
7865,0.309185283518768
7866,0.0712002595163938
7867,0.129432281064508
7868,0.120938552009209
7869,0.763780346154383
7870,0.0206681755545637
7871,0.00124749768621893
7872,0.0123708029131298
7873,0.330982701494712
7874,0.771811194952546
7875,0.0113877806473549
7876,3.82325886547559e-13
7877,1.18100350840304e-09
7878,1.21329578358579e-09
7879,2.22044604925031e-16
7880,4.17357607396307e-11
7881,0.773000314404477
7882,0.00596374407276998
7883,0.338406934134839
7884,0.0194464862641216
7885,2.22044604925031e-16
7886,1.04608278682141e-09
7887,0.0383960275725361
7888,0.92136457692268
7889,0.800473342399995
7890,0.0638781670567851
7891,0.698596208792809
7892,1.47492034642639e-09
7893,0.00142959032541393
7894,2.22044604925031e-16
7895,1.04602166520746e-09
7896,0.0910064561824821
7897,0.843558103491787
7898,0.00517034062947721
7899,2.22044604925031e-16
7900,0.00616544078144629
7901,5.07258660137613e-11
7902,0.0612648908571837
7903,0.00106741912172847
7904,0.0349682377372195
7905,1.26997111904059e-09
7906,0.00582933949477714
7907,0.0214188561277403
7908,0.0862242850773852
7909,2.22044604925031e-16
7910,0.0248312341166705
7911,0.103597246983256
7912,0.00944588140305606
7913,0.001168389044674
7914,2.75872832960892e-11
7915,6.57019540537909e-11
7916,1.09406714784168e-11
7917,0.0557567454144299
7918,0.00293690769115504
7919,0.0950584512130178
7920,2.04089721151034e-10
7921,0.00617530688958452
7922,0.00453567379428479
7923,0.973218910204129
7924,0.119446664852118
7925,0.0205280894821868
7926,0.000988811424032288
7927,0.156805848909613
7928,0.0941547487590422
7929,0.00245562861309101
7930,0.718382008184679
7931,0.594552364088668
7932,0.844986963258814
7933,0.0213646054067313
7934,0.0971264223570545
7935,0.000671412599030943
7936,1.57976357356342e-10
7937,5.13971053734141e-11
7938,0.92350014071343
7939,0.752508934044209
7940,5.01896630073371e-10
7941,0.0312643682223333
7942,0.0631767792668222
7943,0.0733385928899069
7944,0.0456326054815353
7945,0.112967852519616
7946,0.030662189796892
7947,0.00241617268567757
7948,0.134352497070715
7949,2.96368196452092e-08
7950,0.0445948786163355
7951,0.0263657618076696
7952,0.033639753296076
7953,0.0378063329027284
7954,0.0568043085793932
7955,0.00560940380160623
7956,0.0123287319868999
7957,0.0229539447745101
7958,0.0233892308324836
7959,0.672582484266897
7960,0.359799307366956
7961,0.0882814824643403
7962,0.0210875675746281
7963,0.045323898322925
7964,1.3305914079068e-09
7965,0.00750311457392959
7966,0.012801695621923
7967,0.00240469169899814
7968,0.0139524746954225
7969,0.436035661043644
7970,0.000718156011432985
7971,0.485517040898171
7972,0.0398705088163031
7973,2.83785866557902e-10
7974,2.00715074514022e-10
7975,2.22044604925031e-16
7976,0.0159173888659611
7977,0.00249985524966791
7978,0.665136158896805
7979,3.07130634699271e-08
7980,0.0324931351672158
7981,0.0115186697573584
7982,1.51424529605059e-10
7983,0.688744923132395
7984,0.287312743413972
7985,0.0172775441780617
7986,0.750974911397796
7987,0.0186427707545957
7988,0.0053264027854542
7989,0.748966083049382
7990,2.50945934951725e-11
7991,0.00861139484966696
7992,0.0399892982517138
7993,1.46846983816606e-08
7994,2.22044604925031e-16
7995,4.19840082306356e-10
7996,0.09847439366496
7997,0.0332762837924694
7998,2.22044604925031e-16
7999,2.22044604925031e-16
8000,4.00649236700538e-12
8001,0.0124782592163596
8002,0.0210824298046244
8003,0.0674334926443658
8004,0.0120969095929666
8005,0.0414156373562893
8006,0.000977760616230076
8007,6.17157711944669e-11
8008,4.04889360101681e-11
8009,6.98942308108808e-12
8010,0.00545984193193129
8011,0.004212234546493
8012,1.59452753967802e-10
8013,0.419557156858585
8014,0.731864177770569
8015,0.0117645241863363
8016,0.94106011671747
8017,0.903950926908743
8018,0.855070212923838
8019,0.768095783268707
8020,1.49416539018195e-09
8021,0.747724389814909
8022,2.22044604925031e-16
8023,0.00711015990204935
8024,0.202966007855955
8025,0.30718034285443
8026,0.977263615892723
8027,0.0377402889399336
8028,0.975619455852949
8029,0.0144657734352342
8030,0.0531101657260451
8031,2.22044604925031e-16
8032,0.0306647382115701
8033,0.00269032031325633
8034,0.0353470503319665
8035,2.22044604925031e-16
8036,0.909086606649289
8037,0.661245030501326
8038,1.10054048554875e-13
8039,0.87312984289537
8040,8.61881574594647e-10
8041,0.678878239398227
8042,0.487441095689484
8043,0.722759909749101
8044,0.984667730697138
8045,0.00708913632145796
8046,0.00086537534550179
8047,0.00353215479221555
8048,0.0300663904919884
8049,0.00911635126970646
8050,0.0093697591457416
8051,0.00180751453460164
8052,0.0643409182164067
8053,0.983551192801143
8054,0.0129688705177159
8055,0.499531193071607
8056,2.22044604925031e-16
8057,0.474013456913057
8058,0.281389930082091
8059,0.00486198047219098
8060,0.0125515637550109
8061,0.0581345832288375
8062,0.0555724207767033
8063,0.603726393889121
8064,0.0166686598651923
8065,0.0468607046317267
8066,0.82742975403327
8067,0.000647726752674725
8068,0.179188435328221
8069,0.304166591418673
8070,0.833642778082892
8071,0.0672883479054867
8072,0.0389839542113516
8073,0.000802047101774555
8074,0.991723248508458
8075,0.00353864448280499
8076,0.0812931641620118
8077,0.0493600794457045
8078,0.00377217453379536
8079,0.360411151042467
8080,0.00415945476019037
8081,0.000912805300733568
8082,2.22044604925031e-16
8083,0.0383463443762624
8084,0.0735488659029635
8085,2.22044604925031e-16
8086,0.0771691442445799
8087,0.968378834498205
8088,2.6637352662616e-10
8089,2.22044604925031e-16
8090,0.0157347850260686
8091,0.084844840660086
8092,2.40562217579098e-12
8093,0.321311632102066
8094,0.00415377143412049
8095,0.00436006379237491
8096,0.00170032791337852
8097,0.0385326113791998
8098,1.79791460255423e-10
8099,0.00793188592773056
8100,4.89194060441351e-12
8101,5.2828249366838e-11
8102,0.109266412149642
8103,2.62266595438365e-10
8104,0.875825297213462
8105,0.805059951127957
8106,0.00939270207186747
8107,0.968990826965539
8108,0.000980529904954547
8109,0.00286293753682238
8110,0.00174208598683347
8111,0.560068034999728
8112,0.7663040217967
8113,2.22044604925031e-16
8114,0.0772657004112562
8115,0.0259878198999865
8116,0.456889845272383
8117,0.0425577996664663
8118,0.0341458149420223
8119,0.0250197536905738
8120,2.22044604925031e-16
8121,0.433772679271096
8122,0.970009958596037
8123,0.797317153829753
8124,0.0283612364861569
8125,0.623552661345114
8126,0.0345540736598178
8127,2.22044604925031e-16
8128,0.250426246788091
8129,0.0613834952375451
8130,0.000702018173417139
8131,0.00311231271454527
8132,0.868000114065553
8133,0.528751489615214
8134,0.0685180190956183
8135,0.00425068993300766
8136,0.644799294793415
8137,5.93462136196995e-10
8138,0.105403561094533
8139,0.700345159328825
8140,7.39661274105494e-10
8141,2.22044604925031e-16
8142,0.46708355810716
8143,0.626465976379253
8144,4.25890667894326e-10
8145,0.036036505495989
8146,2.22044604925031e-16
8147,0.017930490802521
8148,0.00549015305800625
8149,9.30940523702072e-09
8150,4.57387178493135e-11
8151,2.22044604925031e-16
8152,0.0131184103434814
8153,0.0049554953010431
8154,1.62055024140207e-11
8155,5.1962636916865e-12
8156,0.028383580411535
8157,4.6919338858937e-11
8158,0.00136042365101418
8159,0.00327934070425278
8160,1.78141837076067e-10
8161,0.124538014662328
8162,0.834436917185954
8163,6.21148749024266e-10
8164,0.0048814368303543
8165,0.0237681482699401
8166,0.106574233025658
8167,0.0102985902302545
8168,0.867029660037151
8169,0.0607978302854928
8170,0.000100939536088766
8171,0.0272251613583681
8172,0.0656849607148298
8173,0.0153521244876256
8174,0.000444236622927172
8175,0.143053587622027
8176,0.419314938276154
8177,0.0343933970816664
8178,0.0487430719064697
8179,0.0270630938793722
8180,0.0382968852085735
8181,0.225176629402369
8182,0.00659957028742512
8183,0.0363237142717659
8184,0.142613160830037
8185,2.22044604925031e-16
8186,0.0402619351153538
8187,0.687931554112216
8188,2.22044604925031e-16
8189,2.22044604925031e-16
8190,0.746003457763833
8191,0.0904549662393598
8192,3.50475581296426e-10
8193,0.341437699223633
8194,0.0682639832563092
8195,0.721973825097899
8196,0.774228003706305
8197,0.421688132931709
8198,0.986232813349368
8199,3.84225109019453e-08
8200,0.00156716132071433
8201,0.517003676072589
8202,2.22044604925031e-16
8203,0.388202969995713
8204,2.22044604925031e-16
8205,2.22044604925031e-16
8206,0.00439637074539153
8207,0.174026306219875
8208,0.0364021127001919
8209,4.77421777479356e-10
8210,2.22044604925031e-16
8211,0.00445191612607486
8212,0.250963100667902
8213,8.86145883010932e-10
8214,0.924006285659428
8215,0.991657540082242
8216,0.0108214814885587
8217,0.592567237148316
8218,0.000497682625788229
8219,3.27888593279259e-09
8220,0.707005468566211
8221,0.830015092334549
8222,0.666354184153205
8223,0.00166098589552087
8224,0.193823121309154
8225,0.0406727941217878
8226,0.0378287681931153
8227,2.66382704471563e-10
8228,2.22044604925031e-16
8229,0.151070181386645
8230,0.916996169816508
8231,0.000728116965959193
8232,0.00644978386906811
8233,4.37333133640454e-05
8234,0.151356627102134
8235,0.387832545110519
8236,0.0195547590182933
8237,0.353027598365189
8238,1.4477112584723e-08
8239,2.22044604925031e-16
8240,2.22044604925031e-16
8241,0.0349750980556381
8242,0.0352549598050852
8243,0.24119997530266
8244,0.00581174238378707
8245,0.0447655239955554
8246,0.0199814567169904
8247,0.00333488378552108
8248,0.148632754219427
8249,0.982067276669032
8250,0.804705462119481
8251,0.809259182287864
8252,0.966350975967657
8253,0.751098059558639
8254,0.0169081125703038
8255,0.715739535287098
8256,0.893622645076866
8257,5.61721013132764e-08
8258,0.662768949962052
8259,0.003005969096634
8260,0.0147555559575451
8261,0.0378573106926117
8262,0.0986534884911939
8263,0.0148429270893696
8264,0.956920230604295
8265,0.497916060904965
8266,2.95105752238886e-09
8267,0.879965925070447
8268,0.87994945236606
8269,2.22044604925031e-16
8270,0.0301324204301785
8271,0.831168959505639
8272,0.561336590557117
8273,0.00383761647630412
8274,0.00289407295630793
8275,0.87789761137795
8276,0.245870931700755
8277,1.50073759045289e-09
8278,0.00360941790581651
8279,0.0566754659891655
8280,0.0652711153925784
8281,0.00249272165096288
8282,0.00450689634553136
8283,0.756259893273475
8284,0.535532532321869
8285,0.0154423969053563
8286,0.0435102801591814
8287,0.0135467229131095
8288,0.0193177911310622
8289,0.422292562855315
8290,0.753834059032881
8291,0.752243235343469
8292,0.0740092384850056
8293,0.0612227815399486
8294,0.0107416230031371
8295,6.61812470013979e-11
8296,2.22044604925031e-16
8297,0.0124890420706035
8298,0.98083115464374
8299,0.866993047702978
8300,0.546304379561973
8301,0.0127090786811058
8302,0.330224405304312
8303,2.22044604925031e-16
8304,0.0073825274719674
8305,4.70054947682633e-11
8306,0.0940420369107703
8307,2.22044604925031e-16
8308,3.98331644007444e-10
8309,0.0359037425031164
8310,0.0150186462916322
8311,0.109259266805949
8312,0.897435231988556
8313,0.0101461315379925
8314,0.0247210502274875
8315,0.48204167073982
8316,0.000214275358376755
8317,0.000105937274206714
8318,0.00284754948182046
8319,2.22044604925031e-16
8320,0.829755970345945
8321,0.964737671839583
8322,0.0394313377703926
8323,3.09582428260129e-13
8324,0.129382744764554
8325,0.71003839325735
8326,0.106411640987374
8327,2.07622552077546e-10
8328,0.106031278843491
8329,0.0232286703485748
8330,0.148505118376391
8331,0.87486600026188
8332,0.0214697810821418
8333,0.00366622444742665
8334,0.00373111391882739
8335,0.950994032339811
8336,0.532376097532721
8337,0.0419155035484186
8338,0.0288079134765621
8339,0.0298269276693715
8340,2.22044604925031e-16
8341,0.0388024355410489
8342,0.936885565847887
8343,7.31754670066964e-12
8344,0.0136647900678693
8345,9.34725016261864e-12
8346,5.36996272227896e-10
8347,0.000441925308209752
8348,0.0484850825012244
8349,2.22044604925031e-16
8350,2.22044604925031e-16
8351,0.0237813782178692
8352,0.00370343425330395
8353,0.0712688546915581
8354,1.29659511593025e-10
8355,0.0187594508573663
8356,0.0106260772922087
8357,0.00579691185702872
8358,0.929045626327717
8359,0.79438889735071
8360,0.0974981930968907
8361,1.21629766671692e-10
8362,2.22044604925031e-16
8363,0.0216695385465828
8364,0.324387340570216
8365,0.00318506599366472
8366,0.559134694096993
8367,0.0250301581251306
8368,0.1877901774098
8369,0.830223629229624
8370,0.174165336835103
8371,0.0098247088611636
8372,0.000353434999296283
8373,0.00163646398263733
8374,0.0305881134142098
8375,0.778629823126992
8376,4.91923386671051e-11
8377,0.00978308466221166
8378,0.0117974676307015
8379,0.0399657862569781
8380,0.5765107356562
8381,0.00235049419922493
8382,0.967838403245433
8383,0.931588410893375
8384,0.142053179372008
8385,0.016839575530534
8386,0.898957309625732
8387,0.145785738853562
8388,0.00154557996496433
8389,0.000822142636676118
8390,0.0723732951091491
8391,0.704829601864285
8392,0.322006966515306
8393,0.037801302739779
8394,2.22044604925031e-16
8395,1.54483096282372e-09
8396,0.000187202504827946
8397,0.00935812692148299
8398,0.0567395425490982
8399,0.000994921403397891
8400,0.00944948454474893
8401,0.0155752786590891
8402,0.657451772786475
